 COLUMNS                           , SYSTEM VIEW     , 
 DBLYTIXDATABASE                   , DATABASE        , 
 DBLYTIXREV                        , PROCEDURE       , 
 DOMAINS                           , SYSTEM VIEW     , 
 FINBONDPRICEVALIDATE              , TABLE           , 
 FINEQUITYRETURNS                  , TABLE           , 
 FINOPTIONSDATA                    , TABLE           , 
 FINPUBCO                          , TABLE           , 
 FINPUBLICCOMPANIES                , TABLE           , 
 FINSTOCKINDECES                   , TABLE           , 
 FINSTOCKPRICE                     , TABLE           , 
 FINSTOCKPRICEPERC                 , TABLE           , 
 FINSTOCKRETURNS                   , TABLE           , 
 FINTAQQUOTE                       , TABLE           , 
 FINTAQTRADE                       , TABLE           , 
 FINTENOR                          , TABLE           , 
 FINUSTREASURIES                   , TABLE           , 
 FINYIELDCURVEHIST                 , TABLE           , 
 FLABS                             , FUNCTION        , 
 FLANCOVA1WAY                      , AGGREGATE       , 
 FLANCOVA1WAYSTATS                 , AGGREGATE       , 
 FLANOVA1WAY                       , AGGREGATE       , 
 FLANOVA1WAYSTATS                  , AGGREGATE       , 
 FLANOVA1WAYUDT                    , FUNCTION        , 
 FLARIMAFCSTUDT                    , FUNCTION        , 
 FLARIMAUDT                        , FUNCTION        , 
 FLARITHMEAN                       , AGGREGATE       , 
 FLAUTOCORRELUDT                   , FUNCTION        , 
 FLBESSELI                         , FUNCTION        , 
 FLBESSELJ                         , FUNCTION        , 
 FLBESSELK                         , FUNCTION        , 
 FLBESSELY                         , FUNCTION        , 
 FLCALCHEISS                       , AGGREGATE       , 
 FLCALCHEISS                       , FUNCTION        , 
 FLCALCLOGREGRSTATS                , AGGREGATE       , 
 FLCALCLOGREGRSTATSSTR             , AGGREGATE       , 
 FLCALCLOGREGRSTATSSTR             , AGGREGATE       , 
 FLCALCPROB                        , AGGREGATE       , 
 FLCALCPROB                        , FUNCTION        , 
 FLCALCPROBMN                      , AGGREGATE       , 
 FLCAP                             , FUNCTION        , 
 FLCDFBETA                         , FUNCTION        , 
 FLCDFBRADFORD                     , FUNCTION        , 
 FLCDFBURR                         , FUNCTION        , 
 FLCDFCAUCHY                       , FUNCTION        , 
 FLCDFCHI                          , FUNCTION        , 
 FLCDFCHISQ                        , FUNCTION        , 
 FLCDFCOSINE                       , FUNCTION        , 
 FLCDFERLANG                       , FUNCTION        , 
 FLCDFEXP                          , FUNCTION        , 
 FLCDFEXTREMELB                    , FUNCTION        , 
 FLCDFFISK                         , FUNCTION        , 
 FLCDFFOLDEDNORMAL                 , FUNCTION        , 
 FLCDFGAMMA                        , FUNCTION        , 
 FLCDFGENLOGISTIC                  , FUNCTION        , 
 FLCDFGUMBEL                       , FUNCTION        , 
 FLCDFHYPSECANT                    , FUNCTION        , 
 FLCDFINVNORMAL                    , FUNCTION        , 
 FLCDFLAPLACE                      , FUNCTION        , 
 FLCDFLOGISTIC                     , FUNCTION        , 
 FLCDFLOGNORMAL                    , FUNCTION        , 
 FLCDFMAXWELL                      , FUNCTION        , 
 FLCDFNORMAL                       , FUNCTION        , 
 FLCDFPARETO                       , FUNCTION        , 
 FLCDFPOWER                        , FUNCTION        , 
 FLCDFRAYLEIGH                     , FUNCTION        , 
 FLCDFRECIPROCAL                   , FUNCTION        , 
 FLCDFSEMICIRCULAR                 , FUNCTION        , 
 FLCDFSTUDENTST                    , FUNCTION        , 
 FLCDFTRANSBETA                    , FUNCTION        , 
 FLCDFTRIANGULAR                   , FUNCTION        , 
 FLCDFUNIFORM                      , FUNCTION        , 
 FLCDFWEIBULL                      , FUNCTION        , 
 FLCHECKCONV                       , AGGREGATE       , 
 FLCHECKCONVCENTROID               , FUNCTION        , 
 FLCHECKCONVLOGL                   , FUNCTION        , 
 FLCHISQ                           , AGGREGATE       , 
 FLCHOLESKYSTR                     , AGGREGATE       , 
 FLCLEANSTR                        , FUNCTION        , 
 FLCOLLAPSEDATES                   , AGGREGATE       , 
 FLCOLLAPSEDATES                   , AGGREGATE       , 
 FLCOLLAR                          , FUNCTION        , 
 FLCOMBIN                          , FUNCTION        , 
 FLCOMMONLIB                       , LIBRARY         , 
 FLCONCATSTR                       , AGGREGATE       , 
 FLCONCATVARID                     , FUNCTION        , 
 FLCONCATVARS                      , AGGREGATE       , 
 FLCORREL                          , AGGREGATE       , 
 FLCORRELPVAL                      , FUNCTION        , 
 FLCORRELTESTSTAT                  , FUNCTION        , 
 FLCOSECH                          , FUNCTION        , 
 FLCOSH                            , FUNCTION        , 
 FLCOTH                            , FUNCTION        , 
 FLCOUNT                           , AGGREGATE       , 
 FLCOUNTIF                         , AGGREGATE       , 
 FLCOUNTNEG                        , AGGREGATE       , 
 FLCOUNTNULL                       , AGGREGATE       , 
 FLCOUNTPOS                        , AGGREGATE       , 
 FLCOUNTZERO                       , AGGREGATE       , 
 FLCOVAR                           , AGGREGATE       , 
 FLCOVARP                          , AGGREGATE       , 
 FLCROSSTAB                        , AGGREGATE       , 
 FLCROSSTABSTATS                   , AGGREGATE       , 
 FLCROSSTABUDT                     , FUNCTION        , 
 FLCUBICSPLINE                     , AGGREGATE       , 
 FLDATEADD                         , FUNCTION        , 
 FLDATEADD                         , FUNCTION        , 
 FLDATECONVERT                     , FUNCTION        , 
 FLDATEDIFF                        , FUNCTION        , 
 FLDATEDIFF                        , FUNCTION        , 
 FLDATEPART                        , FUNCTION        , 
 FLDATETOINT                       , FUNCTION        , 
 FLDATETRUNC                       , FUNCTION        , 
 FLDATETRUNC                       , FUNCTION        , 
 FLDECODEDATES                     , FUNCTION        , 
 FLDEG2RAD                         , FUNCTION        , 
 FLDEVSQ                           , AGGREGATE       , 
 FLDIGAMMA                         , FUNCTION        , 
 FLDLEVENSHTEINDIST                , FUNCTION        , 
 FLDTSPLIT                         , AGGREGATE       , 
 FLDWSTAT                          , AGGREGATE       , 
 FLEIGENSYSTEMSTR                  , AGGREGATE       , 
 FLEIGENSYSTEMUDT                  , FUNCTION        , 
 FLEIGENVALUE                      , AGGREGATE       , 
 FLEIGENVALUESTR                   , AGGREGATE       , 
 FLEIGENVECTOR                     , AGGREGATE       , 
 FLEIGENVECTORSTR                  , AGGREGATE       , 
 FLENTROPY                         , AGGREGATE       , 
 FLEUCLIDEANDIST                   , AGGREGATE       , 
 FLEXCLMEAN                        , AGGREGATE       , 
 FLEXCLSTDDEV                      , AGGREGATE       , 
 FLEXCLSUM                         , AGGREGATE       , 
 FLEXCLVAR                         , AGGREGATE       , 
 FLEXTRACTSTR                      , FUNCTION        , 
 FLEXTRACTVALUE                    , FUNCTION        , 
 FLEXTRACTVARID                    , FUNCTION        , 
 FLFACT                            , FUNCTION        , 
 FLFCRITICAL                       , FUNCTION        , 
 FLFDIST                           , FUNCTION        , 
 FLFIRSTLAST                       , AGGREGATE       , 
 FLFITBETA                         , AGGREGATE       , 
 FLFITBETAWIN                      , AGGREGATE       , 
 FLFITLOGNORMAL                    , AGGREGATE       , 
 FLFITSTUDENTST                    , AGGREGATE       , 
 FLFLOOR                           , FUNCTION        , 
 FLFLOOR                           , FUNCTION        , 
 FLFORMATLONG                      , FUNCTION        , 
 FLFRACRANK                        , FUNCTION        , 
 FLGAMMALN                         , FUNCTION        , 
 FLGARCHPQUDT                      , FUNCTION        , 
 FLGCD                             , FUNCTION        , 
 FLGEOMEAN                         , AGGREGATE       , 
 FLGETFLAT                         , FUNCTION        , 
 FLGETLOGREGRSTATS                 , AGGREGATE       , 
 FLGINI                            , AGGREGATE       , 
 FLGINI                            , AGGREGATE       , 
 FLGRAD1VAR                        , AGGREGATE       , 
 FLHAMMINGDIST                     , FUNCTION        , 
 FLHARMEAN                         , AGGREGATE       , 
 FLHEISS1VAR                       , AGGREGATE       , 
 FLHOLTWINTER                      , AGGREGATE       , 
 FLINCBETA                         , FUNCTION        , 
 FLINCGAMMA                        , FUNCTION        , 
 FLINFOVAL                         , AGGREGATE       , 
 FLINSTR                           , FUNCTION        , 
 FLINTERCEPT                       , AGGREGATE       , 
 FLINTTODATE                       , FUNCTION        , 
 FLINVCDFBETA                      , FUNCTION        , 
 FLINVCDFBRADFORD                  , FUNCTION        , 
 FLINVCDFBURR                      , FUNCTION        , 
 FLINVCDFCAUCHY                    , FUNCTION        , 
 FLINVCDFCHI                       , FUNCTION        , 
 FLINVCDFCHISQ                     , FUNCTION        , 
 FLINVCDFCOSINE                    , FUNCTION        , 
 FLINVCDFERLANG                    , FUNCTION        , 
 FLINVCDFEXP                       , FUNCTION        , 
 FLINVCDFEXTREMELB                 , FUNCTION        , 
 FLINVCDFFISK                      , FUNCTION        , 
 FLINVCDFFOLDEDNORMAL              , FUNCTION        , 
 FLINVCDFGAMMA                     , FUNCTION        , 
 FLINVCDFGENLOGISTIC               , FUNCTION        , 
 FLINVCDFGUMBEL                    , FUNCTION        , 
 FLINVCDFHYPSECANT                 , FUNCTION        , 
 FLINVCDFINVNORMAL                 , FUNCTION        , 
 FLINVCDFLAPLACE                   , FUNCTION        , 
 FLINVCDFLOGISTIC                  , FUNCTION        , 
 FLINVCDFLOGNORMAL                 , FUNCTION        , 
 FLINVCDFMAXWELL                   , FUNCTION        , 
 FLINVCDFNORMAL                    , FUNCTION        , 
 FLINVCDFPARETO                    , FUNCTION        , 
 FLINVCDFPOWER                     , FUNCTION        , 
 FLINVCDFRAYLEIGH                  , FUNCTION        , 
 FLINVCDFRECIPROCAL                , FUNCTION        , 
 FLINVCDFSEMICIRCULAR              , FUNCTION        , 
 FLINVCDFSTUDENTST                 , FUNCTION        , 
 FLINVCDFTRANSBETA                 , FUNCTION        , 
 FLINVCDFTRIANGULAR                , FUNCTION        , 
 FLINVCDFUNIFORM                   , FUNCTION        , 
 FLINVCDFWEIBULL                   , FUNCTION        , 
 FLINVCOSECH                       , FUNCTION        , 
 FLINVCOSH                         , FUNCTION        , 
 FLINVCOTH                         , FUNCTION        , 
 FLINVSECH                         , FUNCTION        , 
 FLINVSINH                         , FUNCTION        , 
 FLINVTANH                         , FUNCTION        , 
 FLISNUMERIC                       , FUNCTION        , 
 FLJAROSCORE                       , FUNCTION        , 
 FLJAROWINKLERSCORE                , FUNCTION        , 
 FLKMEANS                          , AGGREGATE       , 
 FLKSTEST1SPVALUE                  , FUNCTION        , 
 FLKSTEST2SPVALUE                  , FUNCTION        , 
 FLKURTOSIS                        , AGGREGATE       , 
 FLLASTVALUE                       , AGGREGATE       , 
 FLLCM                             , FUNCTION        , 
 FLLEFT                            , FUNCTION        , 
 FLLIMITWIN                        , AGGREGATE       , 
 FLLINEARREGR                      , AGGREGATE       , 
 FLLINEARREGRCOEFFS                , AGGREGATE       , 
 FLLINEARREGRSTATS                 , AGGREGATE       , 
 FLLINREGRBWUDT                    , FUNCTION        , 
 FLLINREGRUDT                      , FUNCTION        , 
 FLLOGL1VAR                        , AGGREGATE       , 
 FLMANHATTANDIST                   , AGGREGATE       , 
 FLMATRIXCOL                       , FUNCTION        , 
 FLMATRIXDET                       , AGGREGATE       , 
 FLMATRIXEVAL                      , FUNCTION        , 
 FLMATRIXEVEC                      , FUNCTION        , 
 FLMATRIXINV                       , AGGREGATE       , 
 FLMATRIXINVEXCLSTR                , AGGREGATE       , 
 FLMATRIXINVNULL                   , AGGREGATE       , 
 FLMATRIXINVNULLSTR                , AGGREGATE       , 
 FLMATRIXINVSTR                    , AGGREGATE       , 
 FLMATRIXPRODSTR                   , AGGREGATE       , 
 FLMATRIXROW                       , FUNCTION        , 
 FLMATRIXRREF                      , AGGREGATE       , 
 FLMATRIXRREFSTR                   , AGGREGATE       , 
 FLMATRIXTRID                      , FUNCTION        , 
 FLMATRIXVAL                       , FUNCTION        , 
 FLMATRIXXTRANSX                   , AGGREGATE       , 
 FLMAX                             , AGGREGATE       , 
 FLMAXAT                           , AGGREGATE       , 
 FLMDEWIN                          , AGGREGATE       , 
 FLMEAN                            , AGGREGATE       , 
 FLMEDIANWIN                       , AGGREGATE       , 
 FLMIN                             , AGGREGATE       , 
 FLMINAT                           , AGGREGATE       , 
 FLMIXEDMODEL                      , AGGREGATE       , 
 FLMLEBINOMIALUDT                  , FUNCTION        , 
 FLMLECHISQUDT                     , FUNCTION        , 
 FLMLEEXPUDT                       , FUNCTION        , 
 FLMLENORMALUDT                    , FUNCTION        , 
 FLMLEPOISSONUDT                   , FUNCTION        , 
 FLMLESTUDENTSTUDT                 , FUNCTION        , 
 FLMLEWEIBULLUDT                   , FUNCTION        , 
 FLMOD                             , FUNCTION        , 
 FLMODEUCLIDEANDIST                , AGGREGATE       , 
 FLMTXINVEXCLUDT                   , FUNCTION        , 
 FLMTXINVSTRUDT                    , FUNCTION        , 
 FLMTXINVUDT                       , FUNCTION        , 
 FLMWTEST                          , AGGREGATE       , 
 FLNEURALNETUDT                    , FUNCTION        , 
 FLNORMGAIN                        , FUNCTION        , 
 FLNORMLOSS                        , FUNCTION        , 
 FLNSBETA                          , AGGREGATE       , 
 FLNSPREDICT                       , FUNCTION        , 
 FLNTILE                           , FUNCTION        , 
 FLNTILEWIN                        , AGGREGATE       , 
 FLPARSELOGREGRCLASSSPEC           , FUNCTION        , 
 FLPDFNORMAL                       , FUNCTION        , 
 FLPERC                            , AGGREGATE       , 
 FLPERCENTWIN                      , AGGREGATE       , 
 FLPERCRANK                        , AGGREGATE       , 
 FLPERCWIN                         , AGGREGATE       , 
 FLPERMUT                          , FUNCTION        , 
 FLPROB1VAR                        , FUNCTION        , 
 FLPROD                            , AGGREGATE       , 
 FLRAD2DEG                         , FUNCTION        , 
 FLRANK                            , AGGREGATE       , 
 FLREGEXP_LIKE                     , FUNCTION        , 
 FLRIGHT                           , FUNCTION        , 
 FLROUND                           , FUNCTION        , 
 FLRSQUARED                        , FUNCTION        , 
 FLSECH                            , FUNCTION        , 
 FLSHUFFLECORRELWIN                , AGGREGATE       , 
 FLSHUFFLECORRELWINSTR             , AGGREGATE       , 
 FLSHUFFLEWIN                      , AGGREGATE       , 
 FLSHUFFLEWINSTR                   , AGGREGATE       , 
 FLSIMBETA                         , FUNCTION        , 
 FLSIMBINOMIAL                     , FUNCTION        , 
 FLSIMBRADFORD                     , FUNCTION        , 
 FLSIMBURR                         , FUNCTION        , 
 FLSIMCAUCHY                       , FUNCTION        , 
 FLSIMCHI                          , FUNCTION        , 
 FLSIMCHISQ                        , FUNCTION        , 
 FLSIMCOSINE                       , FUNCTION        , 
 FLSIMDOUBLEGAMMA                  , FUNCTION        , 
 FLSIMDOUBLEWEIBULL                , FUNCTION        , 
 FLSIMERLANG                       , FUNCTION        , 
 FLSIMEXP                          , FUNCTION        , 
 FLSIMEXTREMELB                    , FUNCTION        , 
 FLSIMFISK                         , FUNCTION        , 
 FLSIMFOLDEDNORMAL                 , FUNCTION        , 
 FLSIMGAMMA                        , FUNCTION        , 
 FLSIMGENLOGISTIC                  , FUNCTION        , 
 FLSIMGEOMETRIC                    , FUNCTION        , 
 FLSIMGUMBEL                       , FUNCTION        , 
 FLSIMHYPSECANT                    , FUNCTION        , 
 FLSIMINVGAMMA                     , FUNCTION        , 
 FLSIMINVNORMAL                    , FUNCTION        , 
 FLSIMLAPLACE                      , FUNCTION        , 
 FLSIMLOGARITHMIC                  , FUNCTION        , 
 FLSIMLOGISTIC                     , FUNCTION        , 
 FLSIMLOGNORMAL                    , FUNCTION        , 
 FLSIMMAXWELL                      , FUNCTION        , 
 FLSIMNEGBINOMIAL                  , FUNCTION        , 
 FLSIMNORMAL                       , FUNCTION        , 
 FLSIMPARETO                       , FUNCTION        , 
 FLSIMPOISSON                      , FUNCTION        , 
 FLSIMPOWER                        , FUNCTION        , 
 FLSIMRAYLEIGH                     , FUNCTION        , 
 FLSIMRECIPROCAL                   , FUNCTION        , 
 FLSIMSEMICIRCULAR                 , FUNCTION        , 
 FLSIMSKEWTCOPULAOBS               , FUNCTION        , 
 FLSIMSTR                          , FUNCTION        , 
 FLSIMSTUDENTST                    , FUNCTION        , 
 FLSIMTRANSBETA                    , FUNCTION        , 
 FLSIMTRIANGULAR                   , FUNCTION        , 
 FLSIMUNIFORM                      , FUNCTION        , 
 FLSIMWEIBULL                      , FUNCTION        , 
 FLSINH                            , FUNCTION        , 
 FLSKEWNESS                        , AGGREGATE       , 
 FLSLOPE                           , AGGREGATE       , 
 FLSORTEDCONCATSTR                 , AGGREGATE       , 
 FLSORTEDCONCATSTR                 , AGGREGATE       , 
 FLSPARSECORREL                    , FUNCTION        , 
 FLSPARSECOVAR                     , FUNCTION        , 
 FLSPARSECOVARP                    , FUNCTION        , 
 FLSPARSEKURTOSIS                  , FUNCTION        , 
 FLSPARSEMEAN                      , FUNCTION        , 
 FLSPARSESKEWNESS                  , FUNCTION        , 
 FLSPARSESTDDEV                    , FUNCTION        , 
 FLSPARSESTDDEVP                   , FUNCTION        , 
 FLSPARSEVAR                       , FUNCTION        , 
 FLSPARSEVARP                      , FUNCTION        , 
 FLSTDDEV                          , AGGREGATE       , 
 FLSTDDEVP                         , AGGREGATE       , 
 FLSTRINGSPLIT                     , FUNCTION        , 
 FLSTRREPLACE                      , FUNCTION        , 
 FLSTRTOK                          , FUNCTION        , 
 FLSUM                             , AGGREGATE       , 
 FLSUMFOLLOWINGWIN                 , AGGREGATE       , 
 FLSUMPROD                         , AGGREGATE       , 
 FLSVMGAUSSIANUDT                  , FUNCTION        , 
 FLSVMLINEARUDT                    , FUNCTION        , 
 FLSVMPOLYNOMIALUDT                , FUNCTION        , 
 FLTANH                            , FUNCTION        , 
 FLTDIST                           , FUNCTION        , 
 FLTESTSEGV                        , FUNCTION        , 
 FLTHCOUNT                         , AGGREGATE       , 
 FLTHMEAN                          , AGGREGATE       , 
 FLTHSTDDEV                        , AGGREGATE       , 
 FLTHSUM                           , AGGREGATE       , 
 FLTHVAR                           , AGGREGATE       , 
 FLTHZSCORE                        , AGGREGATE       , 
 FLTOKENIZESTR                     , FUNCTION        , 
 FLTRIDIAGSTR                      , AGGREGATE       , 
 FLTRIGAMMA                        , FUNCTION        , 
 FLTRUNC                           , FUNCTION        , 
 FLTTEST1S                         , AGGREGATE       , 
 FLTTEST2S                         , AGGREGATE       , 
 FLTTEST2SL                        , FUNCTION        , 
 FLVAR                             , AGGREGATE       , 
 FLVARP                            , AGGREGATE       , 
 FLWOE                             , AGGREGATE       , 
 FLWTAVG                           , AGGREGATE       , 
 FLWTCOVAR                         , AGGREGATE       , 
 FLWTSTDDEV                        , AGGREGATE       , 
 FLWTVAR                           , AGGREGATE       , 
 FLZTEST1P                         , AGGREGATE       , 
 FLZTEST1S                         , AGGREGATE       , 
 FLZTEST2P                         , AGGREGATE       , 
 FLZTEST2S                         , AGGREGATE       , 
 FZZLANCOVASTATS                   , TABLE           , 
 FZZLCONSTANTSERIAL                , TABLE           , 
 FZZLCOXPHCOEFFS                   , TABLE           , 
 FZZLCOXPHCOEFFSITER               , TABLE           , 
 FZZLCOXPHDATA                     , TABLE           , 
 FZZLCOXPHEXPSUMBETA               , TABLE           , 
 FZZLCOXPHINFO                     , TABLE           , 
 FZZLCOXPHMATRIX                   , TABLE           , 
 FZZLCOXPHMATRIXSTR                , TABLE           , 
 FZZLCOXPHPARTIALLLITER            , TABLE           , 
 FZZLCOXPHSTATS                    , TABLE           , 
 FZZLCOXPHXVALCARTPROD             , TABLE           , 
 FZZLDECISIONTREE                  , TABLE           , 
 FZZLDECISIONTREEBINS              , TABLE           , 
 FZZLDECISIONTREECUTOFF            , TABLE           , 
 FZZLDECISIONTREEINFO              , TABLE           , 
 FZZLDECISIONTREEORDERED           , TABLE           , 
 FZZLDECISIONTREESCORE             , TABLE           , 
 FZZLDECISIONTREEVAROPTION         , TABLE           , 
 FZZLDUMMY                         , TABLE           , 
 FZZLENV                           , TABLE           , 
 FZZLGLMCOLUMNS                    , TABLE           , 
 FZZLGLMINFO                       , TABLE           , 
 FZZLGLMINTCOLUMNS                 , TABLE           , 
 FZZLGLMINTVARS                    , TABLE           , 
 FZZLGLMLSMEANS                    , TABLE           , 
 FZZLGLMREGRCOEFFS                 , TABLE           , 
 FZZLGLMREGRSTATS                  , TABLE           , 
 FZZLHKMEANSCENTROID               , TABLE           , 
 FZZLHKMEANSCLUSTERID              , TABLE           , 
 FZZLHKMEANSCONV                   , TABLE           , 
 FZZLHKMEANSDENDROGRAM             , TABLE           , 
 FZZLHKMEANSDIMSERIAL              , TABLE           , 
 FZZLHKMEANSEUCLDIST               , TABLE           , 
 FZZLHKMEANSHIERCLUSTERID          , TABLE           , 
 FZZLHKMEANSMINMAX                 , TABLE           , 
 FZZLKAPLANMEIER                   , TABLE           , 
 FZZLKAPLANMEIERHYPOTEST           , TABLE           , 
 FZZLKAPLANMEIERINFO               , TABLE           , 
 FZZLKMCALC                        , TABLE           , 
 FZZLKMCUMEVENTS                   , TABLE           , 
 FZZLKMEANSCENTROID                , TABLE           , 
 FZZLKMEANSCLUSTERID               , TABLE           , 
 FZZLKMEANSEUCLDIST                , TABLE           , 
 FZZLKMEANSMINMAX                  , TABLE           , 
 FZZLKMEST                         , TABLE           , 
 FZZLKMESTTERM                     , TABLE           , 
 FZZLKMEVENTS                      , TABLE           , 
 FZZLKMEVENTSDATASET               , TABLE           , 
 FZZLKMMULTICALC                   , TABLE           , 
 FZZLKMMULTICUMEVENTS              , TABLE           , 
 FZZLKMMULTIEVENTS                 , TABLE           , 
 FZZLLINREGRCALC                   , TABLE           , 
 FZZLLINREGRCARTPROD               , TABLE           , 
 FZZLLINREGRCOEFFS                 , TABLE           , 
 FZZLLINREGRCOEFFSSW               , TABLE           , 
 FZZLLINREGRDATA                   , TABLE           , 
 FZZLLINREGRINFO                   , TABLE           , 
 FZZLLINREGRMATRIX                 , TABLE           , 
 FZZLLINREGRMATRIXSTR              , TABLE           , 
 FZZLLINREGRMODELVARS              , TABLE           , 
 FZZLLINREGRMODELVARSPEC           , TABLE           , 
 FZZLLINREGRRESIDUALS              , TABLE           , 
 FZZLLINREGRSELMODELVARADD         , TABLE           , 
 FZZLLINREGRSELMODELVARCONCAT      , TABLE           , 
 FZZLLINREGRSELMODELVARS           , TABLE           , 
 FZZLLINREGRSTATS                  , TABLE           , 
 FZZLLINREGRSTATSSF                , TABLE           , 
 FZZLLOGREGRCOEFFS                 , TABLE           , 
 FZZLLOGREGRCOEFFSCARTESIAN        , TABLE           , 
 FZZLLOGREGRCOEFFSITER             , TABLE           , 
 FZZLLOGREGRCOEFFSSF               , TABLE           , 
 FZZLLOGREGRCOEFFSSW               , TABLE           , 
 FZZLLOGREGRDATA                   , TABLE           , 
 FZZLLOGREGRDFUNC                  , TABLE           , 
 FZZLLOGREGRDFUNC1VAR              , TABLE           , 
 FZZLLOGREGRDFUNCSTG               , TABLE           , 
 FZZLLOGREGRFUNC                   , TABLE           , 
 FZZLLOGREGRFUNC1VAR               , TABLE           , 
 FZZLLOGREGRINFO                   , TABLE           , 
 FZZLLOGREGRLOGLITER               , TABLE           , 
 FZZLLOGREGRMATRIXSTR              , TABLE           , 
 FZZLLOGREGRMNCOEFFS               , TABLE           , 
 FZZLLOGREGRMNCOEFFSEQ             , TABLE           , 
 FZZLLOGREGRMNCOEFFSEQMDS          , TABLE           , 
 FZZLLOGREGRMNCOEFFSITER           , TABLE           , 
 FZZLLOGREGRMNINFO                 , TABLE           , 
 FZZLLOGREGRMNLEVEL                , TABLE           , 
 FZZLLOGREGRMNLEVELMDS             , TABLE           , 
 FZZLLOGREGRMNPROB                 , TABLE           , 
 FZZLLOGREGRMNSTATS                , TABLE           , 
 FZZLLOGREGRMNYVAL                 , TABLE           , 
 FZZLLOGREGRMNYVALMDS              , TABLE           , 
 FZZLLOGREGRMNYXPROD               , TABLE           , 
 FZZLLOGREGRMNYXPRODMDS            , TABLE           , 
 FZZLLOGREGRMODELVARS              , TABLE           , 
 FZZLLOGREGRMODELVARSPEC           , TABLE           , 
 FZZLLOGREGRPRED                   , TABLE           , 
 FZZLLOGREGRPREDSUMMARY            , TABLE           , 
 FZZLLOGREGRSELMODELVARADD         , TABLE           , 
 FZZLLOGREGRSELMODELVARCONCAT      , TABLE           , 
 FZZLLOGREGRSELMODELVARS           , TABLE           , 
 FZZLLOGREGRSFDATA                 , TABLE           , 
 FZZLLOGREGRSFDATASUMMARY          , TABLE           , 
 FZZLLOGREGRSTATS                  , TABLE           , 
 FZZLLOGREGRSTATSSF                , TABLE           , 
 FZZLLOGREGRWT                     , TABLE           , 
 FZZLLOGREGRXVALCARTPROD           , TABLE           , 
 FZZLLOGREGRYXPROD                 , TABLE           , 
 FZZLLOGREGRYXPRODMULTI            , TABLE           , 
 FZZLLOGREGRZVALCARTPROD           , TABLE           , 
 FZZLMMCOEFFSITER                  , TABLE           , 
 FZZLMMCOVARITER                   , TABLE           , 
 FZZLMMFIXEDEFFECTSEQ              , TABLE           , 
 FZZLMMMATRICES                    , TABLE           , 
 FZZLMMMATRIXM                     , TABLE           , 
 FZZLMMMATRIXMINVSTR               , TABLE           , 
 FZZLMMMATRIXT                     , TABLE           , 
 FZZLMMOBSMAP                      , TABLE           , 
 FZZLMMPREDYVALS                   , TABLE           , 
 FZZLMMRANDOMEFFECTSEQ             , TABLE           , 
 FZZLMMXVALS                       , TABLE           , 
 FZZLMMYVALS                       , TABLE           , 
 FZZLMMZVALS                       , TABLE           , 
 FZZLNAIVEBAYESINFO                , TABLE           , 
 FZZLNAIVEBAYESMODEL               , TABLE           , 
 FZZLNAIVEBAYESPREDICT             , TABLE           , 
 FZZLNBBO                          , TABLE           , 
 FZZLNBBOINFO                      , TABLE           , 
 FZZLPARAM                         , TABLE           , 
 FZZLPERC                          , TABLE           , 
 FZZLPERCPARAMS                    , TABLE           , 
 FZZLPOISSONREGRCOEFFS             , TABLE           , 
 FZZLPOISSONREGRCOEFFSITER         , TABLE           , 
 FZZLPOISSONREGRINFO               , TABLE           , 
 FZZLPOISSONREGRSTATS              , TABLE           , 
 FZZLPOISSONVARCOVAR               , TABLE           , 
 FZZLPROBBIN                       , TABLE           , 
 FZZLRANK                          , TABLE           , 
 FZZLREGRDATAPREPEMPLOGIT          , TABLE           , 
 FZZLREGRDATAPREPEMPLOGITXREF      , TABLE           , 
 FZZLREGRDATAPREPLOG               , TABLE           , 
 FZZLREGRDATAPREPMAP               , TABLE           , 
 FZZLREGRDATAPREPMDEMPLOGIT        , TABLE           , 
 FZZLREGRDATAPREPMDEMPLOGITXREF    , TABLE           , 
 FZZLREGRDATAPREPMDMAP             , TABLE           , 
 FZZLREGRDATAPREPMDMEANNORM        , TABLE           , 
 FZZLREGRDATAPREPMEANNORM          , TABLE           , 
 FZZLRREF                          , TABLE           , 
 FZZLRREFINFO                      , TABLE           , 
 FZZLRREFITER                      , TABLE           , 
 FZZLSERIAL                        , TABLE           , 
 FZZLSURVEYSELECTINFO              , TABLE           , 
 FZZLVIFBWSTATS                    , TABLE           , 
 FZZLVIFCARTPROD                   , TABLE           , 
 FZZLVIFCARTPRODBYMODEL            , TABLE           , 
 FZZLVIFINFO                       , TABLE           , 
 FZZLVIFLINREGRCALC                , TABLE           , 
 FZZLVIFLINREGRCOEFFS              , TABLE           , 
 FZZLVIFLINREGRMATRIX              , TABLE           , 
 FZZLVIFLINREGRMATRIXSTR           , TABLE           , 
 FZZLVIFSTATS                      , TABLE           , 
 FZZLVIFVARMAP                     , TABLE           , 
 FZZLVIFVARS                       , TABLE           , 
 FZZLVIFVARSEQ                     , TABLE           , 
 FZZLVIFVARSEXCLUDE                , TABLE           , 
 FZZLVIFVARSEXCLUDEMS              , TABLE           , 
 INFORMATION_SCHEMA_CATALOG_NAME   , SYSTEM VIEW     , 
 ROUTINES                          , SYSTEM VIEW     , 
 SCHEMATA                          , SYSTEM VIEW     , 
 SEQUENCES                         , SYSTEM VIEW     , 
 SP_ADTEST                         , PROCEDURE       , 
 SP_ANCOVA                         , PROCEDURE       , 
 SP_BPTEST                         , PROCEDURE       , 
 SP_COLUMNTYPE                     , PROCEDURE       , 
 SP_COXPH                          , PROCEDURE       , 
 SP_COXPHPOSTPROC                  , PROCEDURE       , 
 SP_COXPHPREPROC                   , PROCEDURE       , 
 SP_DECISIONTREE                   , PROCEDURE       , 
 SP_DECISIONTREEPOSTPROC           , PROCEDURE       , 
 SP_DECISIONTREEPREPROC            , PROCEDURE       , 
 SP_DECISIONTREESCORE              , PROCEDURE       , 
 SP_DEEPTOWIDE                     , PROCEDURE       , 
 SP_GETFZZLPARAM                   , PROCEDURE       , 
 SP_GLM                            , PROCEDURE       , 
 SP_GLMPOSTPROC                    , PROCEDURE       , 
 SP_GLMPREPROC                     , PROCEDURE       , 
 SP_HKMEANS                        , PROCEDURE       , 
 SP_HKMEANSPOSTPROC                , PROCEDURE       , 
 SP_HKMEANSPREPROC                 , PROCEDURE       , 
 SP_I_COXPH                        , PROCEDURE       , 
 SP_I_DECISIONTREE                 , PROCEDURE       , 
 SP_I_GLM                          , PROCEDURE       , 
 SP_I_KSTEST1S                     , PROCEDURE       , 
 SP_I_LINREGR                      , PROCEDURE       , 
 SP_I_LINREGR                      , PROCEDURE       , 
 SP_I_LINREGRBW                    , PROCEDURE       , 
 SP_I_LINREGRFB                    , PROCEDURE       , 
 SP_I_LINREGRMULTIDATASET          , PROCEDURE       , 
 SP_I_LINREGRONEVAR                , PROCEDURE       , 
 SP_I_LINREGRSW                    , PROCEDURE       , 
 SP_I_LINREGRSWEFF                 , PROCEDURE       , 
 SP_I_LINREGRSWSF                  , PROCEDURE       , 
 SP_I_LINREGRWT                    , PROCEDURE       , 
 SP_I_LOGREGR                      , PROCEDURE       , 
 SP_I_LOGREGR                      , PROCEDURE       , 
 SP_I_LOGREGRBW                    , PROCEDURE       , 
 SP_I_LOGREGRBWGENERIC             , PROCEDURE       , 
 SP_I_LOGREGRFB                    , PROCEDURE       , 
 SP_I_LOGREGRFB                    , PROCEDURE       , 
 SP_I_LOGREGRMN                    , PROCEDURE       , 
 SP_I_LOGREGRMNBW                  , PROCEDURE       , 
 SP_I_LOGREGRMNFB                  , PROCEDURE       , 
 SP_I_LOGREGRMNMULTIDATASET        , PROCEDURE       , 
 SP_I_LOGREGRMULTIDATASET          , PROCEDURE       , 
 SP_I_LOGREGRONEVAR                , PROCEDURE       , 
 SP_I_LOGREGRRAND                  , PROCEDURE       , 
 SP_I_LOGREGRSF                    , PROCEDURE       , 
 SP_I_LOGREGRSF                    , PROCEDURE       , 
 SP_I_LOGREGRSW                    , PROCEDURE       , 
 SP_I_LOGREGRSWEFF                 , PROCEDURE       , 
 SP_I_LOGREGRSWSF                  , PROCEDURE       , 
 SP_I_LOGREGRWT                    , PROCEDURE       , 
 SP_I_NEURALNETSCORE               , PROCEDURE       , 
 SP_I_VIF                          , PROCEDURE       , 
 SP_I_VIF                          , PROCEDURE       , 
 SP_I_VIFBW                        , PROCEDURE       , 
 SP_I_VIFBWMS                      , PROCEDURE       , 
 SP_I_VIFMULTIDATASET              , PROCEDURE       , 
 SP_KAPLANMEIER                    , PROCEDURE       , 
 SP_KAPLANMEIERHYPOTEST            , PROCEDURE       , 
 SP_KAPLANMEIERHYPOTESTPOSTPROC    , PROCEDURE       , 
 SP_KAPLANMEIERHYPOTESTPREPROC     , PROCEDURE       , 
 SP_KAPLANMEIERPOSTPROC            , PROCEDURE       , 
 SP_KAPLANMEIERPREPROC             , PROCEDURE       , 
 SP_KMEANS                         , PROCEDURE       , 
 SP_KMEANSPOSTPROC                 , PROCEDURE       , 
 SP_KMEANSPREPROC                  , PROCEDURE       , 
 SP_KSTEST                         , PROCEDURE       , 
 SP_KSTEST1S                       , PROCEDURE       , 
 SP_LINREGR                        , PROCEDURE       , 
 SP_LINREGR                        , PROCEDURE       , 
 SP_LINREGRBW                      , PROCEDURE       , 
 SP_LINREGRFB                      , PROCEDURE       , 
 SP_LINREGRMULTI                   , PROCEDURE       , 
 SP_LINREGRMULTIDATASET            , PROCEDURE       , 
 SP_LINREGRMULTIVAR                , PROCEDURE       , 
 SP_LINREGRMULTIVAR                , PROCEDURE       , 
 SP_LINREGRMULTIVARBW              , PROCEDURE       , 
 SP_LINREGRMULTIVARFB              , PROCEDURE       , 
 SP_LINREGRONEVAR                  , PROCEDURE       , 
 SP_LINREGRPOSTPROC                , PROCEDURE       , 
 SP_LINREGRPREPROC                 , PROCEDURE       , 
 SP_LINREGRPREPROCMS               , PROCEDURE       , 
 SP_LINREGRSF                      , PROCEDURE       , 
 SP_LINREGRSF                      , PROCEDURE       , 
 SP_LINREGRSW                      , PROCEDURE       , 
 SP_LINREGRSWEFF                   , PROCEDURE       , 
 SP_LINREGRWT                      , PROCEDURE       , 
 SP_LOGREGR                        , PROCEDURE       , 
 SP_LOGREGR                        , PROCEDURE       , 
 SP_LOGREGRBW                      , PROCEDURE       , 
 SP_LOGREGRBWGEN                   , PROCEDURE       , 
 SP_LOGREGRFB                      , PROCEDURE       , 
 SP_LOGREGRFB                      , PROCEDURE       , 
 SP_LOGREGRFBGEN                   , PROCEDURE       , 
 SP_LOGREGRFBGEN                   , PROCEDURE       , 
 SP_LOGREGRMN                      , PROCEDURE       , 
 SP_LOGREGRMNBW                    , PROCEDURE       , 
 SP_LOGREGRMNFB                    , PROCEDURE       , 
 SP_LOGREGRMNMULTIDATASET          , PROCEDURE       , 
 SP_LOGREGRMNMULTIDATASETPOSTPROC  , PROCEDURE       , 
 SP_LOGREGRMNMULTIDATASETPREPROC   , PROCEDURE       , 
 SP_LOGREGRMNMULTIVARBW            , PROCEDURE       , 
 SP_LOGREGRMNMULTIVARFB            , PROCEDURE       , 
 SP_LOGREGRMNPOSTPROC              , PROCEDURE       , 
 SP_LOGREGRMNPREPROC               , PROCEDURE       , 
 SP_LOGREGRMNUFB                   , PROCEDURE       , 
 SP_LOGREGRMULTI                   , PROCEDURE       , 
 SP_LOGREGRMULTI                   , PROCEDURE       , 
 SP_LOGREGRMULTIDATASET            , PROCEDURE       , 
 SP_LOGREGRMULTIVAR                , PROCEDURE       , 
 SP_LOGREGRMULTIVARBW              , PROCEDURE       , 
 SP_LOGREGRMULTIVARBW              , PROCEDURE       , 
 SP_LOGREGRMULTIVARFB              , PROCEDURE       , 
 SP_LOGREGRMULTIVARSW              , PROCEDURE       , 
 SP_LOGREGRONEVAR                  , PROCEDURE       , 
 SP_LOGREGRPOSTPROC                , PROCEDURE       , 
 SP_LOGREGRPREPROC                 , PROCEDURE       , 
 SP_LOGREGRRAND                    , PROCEDURE       , 
 SP_LOGREGRSF                      , PROCEDURE       , 
 SP_LOGREGRSF                      , PROCEDURE       , 
 SP_LOGREGRSW                      , PROCEDURE       , 
 SP_LOGREGRSWEFF                   , PROCEDURE       , 
 SP_LOGREGRWT                      , PROCEDURE       , 
 SP_MATRIXINV                      , PROCEDURE       , 
 SP_NAIVEBAYESMODEL                , PROCEDURE       , 
 SP_NAIVEBAYESPREDICT              , PROCEDURE       , 
 SP_NBBO                           , PROCEDURE       , 
 SP_NBBOPOSTPROC                   , PROCEDURE       , 
 SP_NBBOPREPROC                    , PROCEDURE       , 
 SP_NEURALNETSCORE                 , PROCEDURE       , 
 SP_NEURALNETSCOREPOSTPROC         , PROCEDURE       , 
 SP_NEURALNETSCOREPREPROC          , PROCEDURE       , 
 SP_PCA                            , PROCEDURE       , 
 SP_PERC                           , PROCEDURE       , 
 SP_PERC                           , PROCEDURE       , 
 SP_PERC_GENERIC                   , PROCEDURE       , 
 SP_POISSONREGR                    , PROCEDURE       , 
 SP_POISSONREGRPOSTPROC            , PROCEDURE       , 
 SP_POISSONREGRPREPROC             , PROCEDURE       , 
 SP_REGRDATAPREP                   , PROCEDURE       , 
 SP_REGRDATAPREPCLEAN              , PROCEDURE       , 
 SP_REGRDATAPREPLOG                , PROCEDURE       , 
 SP_RREF                           , PROCEDURE       , 
 SP_RREFPOSTPROC                   , PROCEDURE       , 
 SP_RREFPREPROC                    , PROCEDURE       , 
 SP_SHUFFLECORREL                  , PROCEDURE       , 
 SP_SURVEYSELECTSTRATEXACT         , PROCEDURE       , 
 SP_SURVEYSELECTSTRATPERC          , PROCEDURE       , 
 SP_TABLEEXISTS                    , PROCEDURE       , 
 SP_VARCLUSTER                     , PROCEDURE       , 
 SP_VIF                            , PROCEDURE       , 
 SP_VIF                            , PROCEDURE       , 
 SP_VIFBW                          , PROCEDURE       , 
 SP_VIFBWMS                        , PROCEDURE       , 
 SP_VIFMULTIDATASET                , PROCEDURE       , 
 SP_VIFPOSTPROC                    , PROCEDURE       , 
 SP_VIFPREPROC                     , PROCEDURE       , 
 SP_WIDETODEEP                     , PROCEDURE       , 
 SP_WIDETODEEPCH                   , PROCEDURE       , 
 SYSTEM                            , DATABASE        , system database
 TABLES                            , SYSTEM VIEW     , 
 TABLE_CONSTRAINTS                 , SYSTEM VIEW     , 
 TBLABALONEDTW                     , TABLE           , 
 TBLABALONEWIDE                    , TABLE           , 
 TBLABALONEWTD                     , TABLE           , 
 TBLACTG320                        , TABLE           , 
 TBLADTEST                         , TABLE           , 
 TBLANCOVATEST                     , TABLE           , 
 TBLANOVA2WAY                      , TABLE           , 
 TBLARIMA                          , TABLE           , 
 TBLAUTOMPG                        , TABLE           , 
 TBLAUTOMPGDEEPDEMO                , TABLE           , 
 TBLAUTOMPGMAP                     , TABLE           , 
 TBLAUTOMPGMAPMULTI                , TABLE           , 
 TBLAUTOMPGMD                      , TABLE           , 
 TBLAUTOMPGWIDETEST                , TABLE           , 
 TBLBAC                            , TABLE           , 
 TBLBAC_RETURN                     , TABLE           , 
 TBLBOOSTDT                        , TABLE           , 
 TBLBOOSTDTTEST                    , TABLE           , 
 TBLBSPLINEFNTEST                  , TABLE           , 
 TBLCENSUSINCOME                   , TABLE           , 
 TBLCHISQ                          , TABLE           , 
 TBLCHOLESKY                       , TABLE           , 
 TBLCOCHRANQ                       , TABLE           , 
 TBLCONFUSIONMATRIX                , TABLE           , 
 TBLCOUNTRYGDP2010                 , TABLE           , 
 TBLCOUNTRYGDP2010DEEP             , TABLE           , 
 TBLCOURSES                        , TABLE           , 
 TBLCOXPH                          , TABLE           , 
 TBLCROSSTAB                       , TABLE           , 
 TBLCROSTONS                       , TABLE           , 
 TBLCUBICSPLINE                    , TABLE           , 
 TBLCUSTDATA                       , TABLE           , 
 TBLDBQLOGTBL                      , TABLE           , 
 TBLDECISIONTREEMULTI              , TABLE           , 
 TBLDECISIONTREEMULTI_VW           , VIEW            , 
 TBLDEEP                           , TABLE           , 
 TBLDISTCORREL                     , TABLE           , 
 TBLDISTPARAMS                     , TABLE           , 
 TBLDRUGWIDE                       , TABLE           , 
 TBLDTDATA                         , TABLE           , 
 TBLDTDATASCORE                    , TABLE           , 
 TBLDTTEST                         , TABLE           , 
 TBLEFFFRONTRETURNS                , TABLE           , 
 TBLEFFFRONTVARCOVAR               , TABLE           , 
 TBLENERGYHKMEANS                  , TABLE           , 
 TBLEQBTTESTSECURITIES             , TABLE           , 
 TBLEQUITYSECURITIES               , TABLE           , 
 TBLEQUITYVARSCENARIOS             , TABLE           , 
 TBLFIELDMAP                       , TABLE           , 
 TBLFRIEDMANTEST                   , TABLE           , 
 TBLFXOPTIONSDATA                  , TABLE           , 
 TBLFXTESTSCENARIOS                , TABLE           , 
 TBLFXTESTSECURITIES               , TABLE           , 
 TBLGAMSIMDATA                     , TABLE           , 
 TBLGDP                            , TABLE           , 
 TBLGDPINFLATION                   , TABLE           , 
 TBLGRADEFREQ                      , TABLE           , 
 TBLHARDWARE                       , TABLE           , 
 TBLHOMESURVEYSPARSE               , TABLE           , 
 TBLHW1FSCHEDULE                   , TABLE           , 
 TBLHW1FZERORATES                  , TABLE           , 
 TBLHYPOTEST                       , TABLE           , 
 TBLINFOVAL                        , TABLE           , 
 TBLINTRATECURVES                  , TABLE           , 
 TBLINVGAMMA                       , TABLE           , 
 TBLIRISDEEP                       , TABLE           , 
 TBLIRRPERF                        , TABLE           , 
 TBLIRRPERF2                       , TABLE           , 
 TBLIRTESTSCENARIOS                , TABLE           , 
 TBLIRTESTSECURITIES               , TABLE           , 
 TBLKMEANSDATA                     , TABLE           , 
 TBLKMEDOIDSVALIDATE               , TABLE           , 
 TBLKRUSKALWALLIS                  , TABLE           , 
 TBLKSTEST                         , TABLE           , 
 TBLKUIPERTEST                     , TABLE           , 
 TBLLDA                            , TABLE           , 
 TBLLINREGR                        , TABLE           , 
 TBLLINREGRDATADEEP                , TABLE           , 
 TBLLINREGRDEEPGS                  , TABLE           , 
 TBLLMMTEST                        , TABLE           , 
 TBLLOANDATA                       , TABLE           , 
 TBLLOGREGR                        , TABLE           , 
 TBLLOGREGRDATA                    , TABLE           , 
 TBLLOGREGRMN10000                 , TABLE           , 
 TBLLOGREGRMULTI                   , TABLE           , 
 TBLLSMEANS                        , TABLE           , 
 TBLLSMEANSDEEP                    , TABLE           , 
 TBLMAHADISTDATA                   , TABLE           , 
 TBLMAJOR                          , TABLE           , 
 TBLMATCHIT                        , TABLE           , 
 TBLMATCHIT2                       , TABLE           , 
 TBLMATCHITALT                     , TABLE           , 
 TBLMATRIXMULTI                    , TABLE           , 
 TBLMATRIXRESULT                   , TABLE           , 
 TBLMCNEMARMULTI                   , TABLE           , 
 TBLMDA                            , TABLE           , 
 TBLMIXEDMODEL                     , TABLE           , 
 TBLMIXEDMODELINT                  , TABLE           , 
 TBLMLETEST1                       , TABLE           , 
 TBLMLETEST2                       , TABLE           , 
 TBLNBDATA                         , TABLE           , 
 TBLNELSONSIEGEL                   , TABLE           , 
 TBLNNETREGR                       , TABLE           , 
 TBLNSBETAVALIDATE                 , TABLE           , 
 TBLNSPREDICTVALIDATE              , TABLE           , 
 TBLPEARSONCHISQ                   , TABLE           , 
 TBLPLSDEEP2Y                      , TABLE           , 
 TBLPOISSONDEEP                    , TABLE           , 
 TBLPOISSONREGRWIDEUCLA            , TABLE           , 
 TBLPOPULATION                     , TABLE           , 
 TBLPRODUCTUSAGE                   , TABLE           , 
 TBLPROTEINCONSUMP                 , TABLE           , 
 TBLQRYLOG                         , TABLE           , 
 TBLRAKINGDEMO                     , TABLE           , 
 TBLRAKINGDEMO_POP                 , TABLE           , 
 TBLREGEXPPATTERNS                 , TABLE           , 
 TBLREGIMESHIFT                    , TABLE           , 
 TBLRFRATES                        , TABLE           , 
 TBLROBUSTREGR                     , TABLE           , 
 TBLROBUSTREGR100X                 , TABLE           , 
 TBLROCCURVE                       , TABLE           , 
 TBLSENSEX                         , TABLE           , 
 TBLSIMCORR                        , TABLE           , 
 TBLSIMDISTR                       , TABLE           , 
 TBLSIMDISTRPARAMS                 , TABLE           , 
 TBLSIMUNCORR                      , TABLE           , 
 TBLSTRATUMSIZE                    , TABLE           , 
 TBLSTRING                         , TABLE           , 
 TBLSTRINGPATTERNS                 , TABLE           , 
 TBLSTTEST                         , TABLE           , 
 TBLSTUDENTCROSSREF                , TABLE           , 
 TBLSVMDENSE                       , TABLE           , 
 TBLSVMDENSETESTDEEP               , TABLE           , 
 TBLSVMDENSETRAINDEEP              , TABLE           , 
 TBLSVMLINSEPARABLEDEEP            , TABLE           , 
 TBLSVMLINSEPMULTIDIM              , TABLE           , 
 TBLSVMLINSEPMULTIDIMTESTDEEP      , TABLE           , 
 TBLSVMLINSEPMULTIDIMTRAINDEEP     , TABLE           , 
 TBLSVMNONLINEARDENSE              , TABLE           , 
 TBLSVMNONLINEARSEPARATED          , TABLE           , 
 TBLTESTDATA                       , TABLE           , 
 TBLTESTDATE                       , TABLE           , 
 TBLTIMESERIESTEST                 , TABLE           , 
 TBLTIMESERIESW1                   , TABLE           , 
 TBLTIMESERIESW2                   , TABLE           , 
 TBLTIMESERIESW3                   , TABLE           , 
 TBLTIMESERIESW4                   , TABLE           , 
 TBLTIMESERIESW5                   , TABLE           , 
 TBLTIMESERIESW6                   , TABLE           , 
 TBLTIMESERIESW7                   , TABLE           , 
 TBLTSERIES_HLTWNTR                , TABLE           , 
 TBLUSAGECODE                      , TABLE           , 
 TBLUSARRESTS                      , TABLE           , 
 TBLVARPORTFOLIOINFO_NUM           , TABLE           , 
 TBLVARPORTFOLIOINFO_STR           , TABLE           , 
 TBLVARRISKFACTORMAPPING           , TABLE           , 
 TBLVARSCENARIODATA                , TABLE           , 
 TBLWACC                           , TABLE           , 
 TBLWEIBULLDISTCORREL              , TABLE           , 
 TBLWEIBULLDISTPARAMS              , TABLE           , 
 TBLWHAS100                        , TABLE           , 
 TBLWINE                           , TABLE           , 
 TBLWINEORIGINWIDE                 , TABLE           , 
 TBLWSRTEST                        , TABLE           , 
 TBLWW1SMULTI                      , TABLE           , 
 TBLWW2SMULTI                      , TABLE           , 
 TBLXMLTEST                        , TABLE           , 
 TBLYIELD                          , TABLE           , 
 TBLZTEST                          , TABLE           , 
 TEMPLINREGRVW                     , TABLE           , 
 TEST_TABLE                        , TABLE           , 
 TWM_ACCOUNTS                      , TABLE           , 
 TWM_CUSTOMER_ANALYSIS             , TABLE           , 
 VIEWS                             , SYSTEM VIEW     , 
 VIEW_STUDENTST_1000               , VIEW            , 
 VWWHAS100                         , VIEW            , 
 VW_LINREGRSWDEMO                  , VIEW            , 
 VW_LOGREGRBWDEMO                  , TABLE           , 
 VW_LOGREGRSWDEMO                  , VIEW            , 
 _V_AGGREGATE                      , SYSTEM VIEW     , 
 _V_AUTHENTICATION                 , SYSTEM VIEW     , 
 _V_AUTHENTICATION_SETTINGS        , SYSTEM VIEW     , 
 _V_BACKUP_HISTORY                 , SYSTEM VIEW     , 
 _V_BNR_CONNECTOR                  , SYSTEM VIEW     , 
 _V_CLIENT_COMPATIBILITY           , SYSTEM VIEW     , 
 _V_CPU                            , SYSTEM VIEW     , 
 _V_CRYPTO_KEY                     , SYSTEM VIEW     , 
 _V_CRYPTO_KEYSTORE                , SYSTEM VIEW     , 
 _V_CRYPTO_KEYSTORE_VERBOSE        , SYSTEM VIEW     , 
 _V_DATABASE                       , SYSTEM VIEW     , 
 _V_DATATYPE                       , SYSTEM VIEW     , 
 _V_DELIM                          , SYSTEM VIEW     , 
 _V_DEPEND                         , SYSTEM VIEW     , 
 _V_DFPGAERR                       , MANAGEMENT VIEW , 
 _V_DFPGAERR_XS                    , SYSTEM VIEW     , 
 _V_DISK                           , SYSTEM VIEW     , 
 _V_DISKENCLOSURE                  , SYSTEM VIEW     , 
 _V_DOTNET_CATALOGS1               , SYSTEM VIEW     , 
 _V_DOTNET_CATALOGS2               , SYSTEM VIEW     , 
 _V_DOTNET_CATALOGS3               , SYSTEM VIEW     , 
 _V_DOTNET_COLUMNS1                , SYSTEM VIEW     , 
 _V_DOTNET_COLUMNS2                , SYSTEM VIEW     , 
 _V_DOTNET_COLUMNS3                , SYSTEM VIEW     , 
 _V_DOTNET_DATATYPES1              , SYSTEM VIEW     , 
 _V_DOTNET_DATATYPES2              , SYSTEM VIEW     , 
 _V_DOTNET_DATATYPES3              , SYSTEM VIEW     , 
 _V_DOTNET_FEATURE                 , SYSTEM VIEW     , 
 _V_DOTNET_PKFK1                   , SYSTEM VIEW     , 
 _V_DOTNET_PKFK2                   , SYSTEM VIEW     , 
 _V_DOTNET_PKFK3                   , SYSTEM VIEW     , 
 _V_DOTNET_PRIMARYKEYS1            , SYSTEM VIEW     , 
 _V_DOTNET_PRIMARYKEYS2            , SYSTEM VIEW     , 
 _V_DOTNET_PRIMARYKEYS3            , SYSTEM VIEW     , 
 _V_DOTNET_PROCEDURES1             , SYSTEM VIEW     , 
 _V_DOTNET_PROCEDURES2             , SYSTEM VIEW     , 
 _V_DOTNET_PROCEDURES3             , SYSTEM VIEW     , 
 _V_DOTNET_PROCEDURE_COLUMNS1      , SYSTEM VIEW     , 
 _V_DOTNET_PROCEDURE_COLUMNS2      , SYSTEM VIEW     , 
 _V_DOTNET_PROCEDURE_COLUMNS3      , SYSTEM VIEW     , 
 _V_DOTNET_PROCEDURE_PARAMETERS1   , SYSTEM VIEW     , 
 _V_DOTNET_PROCEDURE_PARAMETERS2   , SYSTEM VIEW     , 
 _V_DOTNET_PROCEDURE_PARAMETERS3   , SYSTEM VIEW     , 
 _V_DOTNET_SCHEMAS1                , SYSTEM VIEW     , 
 _V_DOTNET_SCHEMAS2                , SYSTEM VIEW     , 
 _V_DOTNET_SCHEMAS3                , SYSTEM VIEW     , 
 _V_DOTNET_TABLES1                 , SYSTEM VIEW     , 
 _V_DOTNET_TABLES2                 , SYSTEM VIEW     , 
 _V_DOTNET_TABLES3                 , SYSTEM VIEW     , 
 _V_DOTNET_TABLETYPES1             , SYSTEM VIEW     , 
 _V_DOTNET_TYPES1                  , SYSTEM VIEW     , 
 _V_DOTNET_USERS                   , SYSTEM VIEW     , 
 _V_DOTNET_VIEWS1                  , SYSTEM VIEW     , 
 _V_DOTNET_VIEWS2                  , SYSTEM VIEW     , 
 _V_DOTNET_VIEWS3                  , SYSTEM VIEW     , 
 _V_DSLICE                         , MANAGEMENT VIEW , 
 _V_DUAL                           , SYSTEM VIEW     , 
 _V_DUAL_DSLICE                    , SYSTEM VIEW     , 
 _V_ECCERR                         , MANAGEMENT VIEW , 
 _V_ENVIRON                        , SYSTEM VIEW     , 
 _V_EVRULE                         , MANAGEMENT VIEW , 
 _V_EXTERNAL                       , SYSTEM VIEW     , 
 _V_EXTOBJECT                      , SYSTEM VIEW     , 
 _V_EXTZONES                       , SYSTEM VIEW     , 
 _V_FAN                            , SYSTEM VIEW     , 
 _V_FPGA                           , SYSTEM VIEW     , 
 _V_FUNCTION                       , SYSTEM VIEW     , 
 _V_GROUP                          , SYSTEM VIEW     , 
 _V_GROUPUSERS                     , SYSTEM VIEW     , 
 _V_GROUP_PRIV                     , SYSTEM VIEW     , 
 _V_HIST_CONFIG                    , SYSTEM VIEW     , 
 _V_HOST_DBOS_CONNECTION           , MANAGEMENT VIEW , 
 _V_HOST_TX                        , MANAGEMENT VIEW , 
 _V_HOST_TXMGR                     , MANAGEMENT VIEW , 
 _V_HOST_TX_INVISIBLE              , MANAGEMENT VIEW , 
 _V_HOST_VERSION                   , SYSTEM VIEW     , 
 _V_HWCOMP                         , SYSTEM VIEW     , 
 _V_HWROLETEXT                     , SYSTEM VIEW     , 
 _V_HWSTATETEXT                    , SYSTEM VIEW     , 
 _V_HWTYPETEXT                     , SYSTEM VIEW     , 
 _V_INDEX                          , SYSTEM VIEW     , 
 _V_JDBC_BESTROWIDENTIFIER1        , SYSTEM VIEW     , 
 _V_JDBC_BESTROWIDENTIFIER2        , SYSTEM VIEW     , 
 _V_JDBC_BESTROWIDENTIFIER3        , SYSTEM VIEW     , 
 _V_JDBC_CATALOG1                  , SYSTEM VIEW     , 
 _V_JDBC_CATALOG2                  , SYSTEM VIEW     , 
 _V_JDBC_CATALOG3                  , SYSTEM VIEW     , 
 _V_JDBC_COLUMNS1                  , SYSTEM VIEW     , 
 _V_JDBC_COLUMNS2                  , SYSTEM VIEW     , 
 _V_JDBC_COLUMNS3                  , SYSTEM VIEW     , 
 _V_JDBC_DATATYPES1                , SYSTEM VIEW     , 
 _V_JDBC_DATATYPES2                , SYSTEM VIEW     , 
 _V_JDBC_DATATYPES3                , SYSTEM VIEW     , 
 _V_JDBC_FEATURE                   , SYSTEM VIEW     , 
 _V_JDBC_FUNCTION1                 , SYSTEM VIEW     , 
 _V_JDBC_FUNCTION2                 , SYSTEM VIEW     , 
 _V_JDBC_FUNCTION3                 , SYSTEM VIEW     , 
 _V_JDBC_FUNCTION_COLUMNS1         , SYSTEM VIEW     , 
 _V_JDBC_FUNCTION_COLUMNS2         , SYSTEM VIEW     , 
 _V_JDBC_FUNCTION_COLUMNS3         , SYSTEM VIEW     , 
 _V_JDBC_INDEXINFO1                , SYSTEM VIEW     , 
 _V_JDBC_INDEXINFO2                , SYSTEM VIEW     , 
 _V_JDBC_INDEXINFO3                , SYSTEM VIEW     , 
 _V_JDBC_PKFK1                     , SYSTEM VIEW     , 
 _V_JDBC_PKFK2                     , SYSTEM VIEW     , 
 _V_JDBC_PKFK3                     , SYSTEM VIEW     , 
 _V_JDBC_PRIMARYKEYS1              , SYSTEM VIEW     , 
 _V_JDBC_PRIMARYKEYS2              , SYSTEM VIEW     , 
 _V_JDBC_PRIMARYKEYS3              , SYSTEM VIEW     , 
 _V_JDBC_PROCEDURES1               , SYSTEM VIEW     , 
 _V_JDBC_PROCEDURES2               , SYSTEM VIEW     , 
 _V_JDBC_PROCEDURES3               , SYSTEM VIEW     , 
 _V_JDBC_PROCEDURE_COLUMNS1        , SYSTEM VIEW     , 
 _V_JDBC_PROCEDURE_COLUMNS2        , SYSTEM VIEW     , 
 _V_JDBC_PROCEDURE_COLUMNS3        , SYSTEM VIEW     , 
 _V_JDBC_SCHEMA1                   , SYSTEM VIEW     , 
 _V_JDBC_SCHEMA2                   , SYSTEM VIEW     , 
 _V_JDBC_SCHEMA3                   , SYSTEM VIEW     , 
 _V_JDBC_TABLES1                   , SYSTEM VIEW     , 
 _V_JDBC_TABLES2                   , SYSTEM VIEW     , 
 _V_JDBC_TABLES3                   , SYSTEM VIEW     , 
 _V_JDBC_TABLETYPES1               , SYSTEM VIEW     , 
 _V_JDBC_TABLETYPES2               , SYSTEM VIEW     , 
 _V_JDBC_TABLETYPES3               , SYSTEM VIEW     , 
 _V_JDBC_TYPEINFO1                 , SYSTEM VIEW     , 
 _V_JDBC_TYPEINFO2                 , SYSTEM VIEW     , 
 _V_JDBC_TYPEINFO3                 , SYSTEM VIEW     , 
 _V_LIBRARY                        , SYSTEM VIEW     , 
 _V_LOAD_STATUS                    , SYSTEM VIEW     , 
 _V_LUN                            , SYSTEM VIEW     , 
 _V_MATTHRESHOLD                   , SYSTEM VIEW     , 
 _V_MD_REGEN_ERRORS                , MANAGEMENT VIEW , 
 _V_MVIEW_REFR_STAT                , MANAGEMENT VIEW , 
 _V_OBJECTS                        , SYSTEM VIEW     , 
 _V_OBJECT_DATA                    , SYSTEM VIEW     , 
 _V_OBJS_OWNED                     , SYSTEM VIEW     , 
 _V_OBJ_RELATION                   , SYSTEM VIEW     , 
 _V_OBJ_RELATION_XDB               , SYSTEM VIEW     , 
 _V_ODBC_CATALOG1                  , SYSTEM VIEW     , 
 _V_ODBC_CATALOG2                  , SYSTEM VIEW     , 
 _V_ODBC_CATALOG3                  , SYSTEM VIEW     , 
 _V_ODBC_COLUMNS1                  , SYSTEM VIEW     , 
 _V_ODBC_COLUMNS2                  , SYSTEM VIEW     , 
 _V_ODBC_COLUMNS3                  , SYSTEM VIEW     , 
 _V_ODBC_FEATURE                   , SYSTEM VIEW     , 
 _V_ODBC_FOREIGNKEYS1              , SYSTEM VIEW     , 
 _V_ODBC_FOREIGNKEYS2              , SYSTEM VIEW     , 
 _V_ODBC_FOREIGNKEYS3              , SYSTEM VIEW     , 
 _V_ODBC_GETTYPEINFO1              , SYSTEM VIEW     , 
 _V_ODBC_GETTYPEINFO2              , SYSTEM VIEW     , 
 _V_ODBC_GETTYPEINFO3              , SYSTEM VIEW     , 
 _V_ODBC_PRIMARYKEYS1              , SYSTEM VIEW     , 
 _V_ODBC_PRIMARYKEYS2              , SYSTEM VIEW     , 
 _V_ODBC_PRIMARYKEYS3              , SYSTEM VIEW     , 
 _V_ODBC_PROCEDURECOLUMNS1         , SYSTEM VIEW     , 
 _V_ODBC_PROCEDURECOLUMNS2         , SYSTEM VIEW     , 
 _V_ODBC_PROCEDURECOLUMNS3         , SYSTEM VIEW     , 
 _V_ODBC_PROCEDURES1               , SYSTEM VIEW     , 
 _V_ODBC_PROCEDURES2               , SYSTEM VIEW     , 
 _V_ODBC_PROCEDURES3               , SYSTEM VIEW     , 
 _V_ODBC_SCHEMA1                   , SYSTEM VIEW     , 
 _V_ODBC_SCHEMA2                   , SYSTEM VIEW     , 
 _V_ODBC_SCHEMA3                   , SYSTEM VIEW     , 
 _V_ODBC_SPECIALCOLUMNS1           , SYSTEM VIEW     , 
 _V_ODBC_SPECIALCOLUMNS2           , SYSTEM VIEW     , 
 _V_ODBC_SPECIALCOLUMNS3           , SYSTEM VIEW     , 
 _V_ODBC_STATISTICS1               , SYSTEM VIEW     , 
 _V_ODBC_STATISTICS2               , SYSTEM VIEW     , 
 _V_ODBC_STATISTICS3               , SYSTEM VIEW     , 
 _V_ODBC_TABLES1                   , SYSTEM VIEW     , 
 _V_ODBC_TABLES2                   , SYSTEM VIEW     , 
 _V_ODBC_TABLES3                   , SYSTEM VIEW     , 
 _V_ODBC_TABLETYPES1               , SYSTEM VIEW     , 
 _V_ODBC_TABLETYPES2               , SYSTEM VIEW     , 
 _V_ODBC_TABLETYPES3               , SYSTEM VIEW     , 
 _V_OLEDB_CATALOGS1                , SYSTEM VIEW     , 
 _V_OLEDB_CATALOGS2                , SYSTEM VIEW     , 
 _V_OLEDB_COLUMNS1                 , SYSTEM VIEW     , 
 _V_OLEDB_COLUMNS2                 , SYSTEM VIEW     , 
 _V_OLEDB_FEATURE                  , SYSTEM VIEW     , 
 _V_OLEDB_FOREIGNKEYS1             , SYSTEM VIEW     , 
 _V_OLEDB_FOREIGNKEYS2             , SYSTEM VIEW     , 
 _V_OLEDB_PRIMARYKEYS1             , SYSTEM VIEW     , 
 _V_OLEDB_PRIMARYKEYS2             , SYSTEM VIEW     , 
 _V_OLEDB_PROCEDURES1              , SYSTEM VIEW     , 
 _V_OLEDB_PROCEDURES2              , SYSTEM VIEW     , 
 _V_OLEDB_PROCEDURE_COLUMNS1       , SYSTEM VIEW     , 
 _V_OLEDB_PROCEDURE_COLUMNS2       , SYSTEM VIEW     , 
 _V_OLEDB_PROCEDURE_PARAMETERS1    , SYSTEM VIEW     , 
 _V_OLEDB_PROCEDURE_PARAMETERS2    , SYSTEM VIEW     , 
 _V_OLEDB_SCHEMAS1                 , SYSTEM VIEW     , 
 _V_OLEDB_SCHEMAS2                 , SYSTEM VIEW     , 
 _V_OLEDB_TABLES1                  , SYSTEM VIEW     , 
 _V_OLEDB_TABLES2                  , SYSTEM VIEW     , 
 _V_OLEDB_TYPES1                   , SYSTEM VIEW     , 
 _V_OLEDB_VIEWS1                   , SYSTEM VIEW     , 
 _V_OLEDB_VIEWS2                   , SYSTEM VIEW     , 
 _V_OPERATOR                       , SYSTEM VIEW     , 
 _V_PG_TIME_OFFSET                 , MANAGEMENT VIEW , 
 _V_PG_TRANSACTION                 , MANAGEMENT VIEW , 
 _V_PLANSTATUS                     , MANAGEMENT VIEW , 
 _V_PLAN_PROGRESS                  , MANAGEMENT VIEW , 
 _V_PLAN_RESOURCE                  , MANAGEMENT VIEW , 
 _V_POWERSUPPLY                    , SYSTEM VIEW     , 
 _V_PRIORITY                       , SYSTEM VIEW     , 
 _V_PROCEDURE                      , SYSTEM VIEW     , 
 _V_QRYHIST                        , MANAGEMENT VIEW , 
 _V_QRYSTAT                        , MANAGEMENT VIEW , 
 _V_QUERYSTATUS                    , MANAGEMENT VIEW , 
 _V_RACK                           , SYSTEM VIEW     , 
 _V_RELATION_COLUMN                , SYSTEM VIEW     , 
 _V_RELATION_COLUMN_DEF            , SYSTEM VIEW     , 
 _V_RELATION_KEYDATA               , SYSTEM VIEW     , 
 _V_REPLICATED_DATABASE            , MANAGEMENT VIEW , 
 _V_REPLICATION_APPLY_DATAFILE_LOG , MANAGEMENT VIEW , 
 _V_REPLICATION_APPLY_LOG          , MANAGEMENT VIEW , 
 _V_REPLICATION_COMMIT_LOG         , MANAGEMENT VIEW , 
 _V_REPLICATION_CONFIG             , MANAGEMENT VIEW , 
 _V_REPLICATION_MYNODE             , MANAGEMENT VIEW , 
 _V_REPLICATION_NODE               , MANAGEMENT VIEW , 
 _V_REPLICATION_PTS_UTILIZATION    , MANAGEMENT VIEW , 
 _V_REPLICATION_QUEUE_LENGTH       , MANAGEMENT VIEW , 
 _V_REPLICATION_SET                , MANAGEMENT VIEW , 
 _V_REPLICATION_SET_NODE           , MANAGEMENT VIEW , 
 _V_REPLICATION_STATE              , MANAGEMENT VIEW , 
 _V_REPLICATION_STATE_UNIQ         , MANAGEMENT VIEW , 
 _V_REPLICATION_SYNC               , MANAGEMENT VIEW , 
 _V_REPLICATION_TRANSACTION_FORK   , MANAGEMENT VIEW , 
 _V_RESTORE_HISTORY                , SYSTEM VIEW     , 
 _V_ROLLBACK_HISTORY               , MANAGEMENT VIEW , 
 _V_ROLLBACK_STATUS                , MANAGEMENT VIEW , 
 _V_RULES                          , SYSTEM VIEW     , 
 _V_SCHED_GRA                      , MANAGEMENT VIEW , 
 _V_SCHED_GRA_EXT                  , MANAGEMENT VIEW , 
 _V_SCHED_GRA_EXT_LATEST           , MANAGEMENT VIEW , 
 _V_SCHED_GRA_LATEST               , MANAGEMENT VIEW , 
 _V_SCHED_MISFIT_ID                , MANAGEMENT VIEW , 
 _V_SCHED_RULE                     , MANAGEMENT VIEW , 
 _V_SCHED_RULE_ACTIVATION          , MANAGEMENT VIEW , 
 _V_SCHED_SN                       , MANAGEMENT VIEW , 
 _V_SCHED_SN_EXT                   , MANAGEMENT VIEW , 
 _V_SCHED_SN_EXT_LATEST            , MANAGEMENT VIEW , 
 _V_SCHED_SN_LATEST                , MANAGEMENT VIEW , 
 _V_SCHED_SYS                      , MANAGEMENT VIEW , 
 _V_SCHED_SYS_LATEST               , MANAGEMENT VIEW , 
 _V_SCHEMA                         , SYSTEM VIEW     , 
 _V_SCSI_ERRORS                    , SYSTEM VIEW     , 
 _V_SCSI_PFE                       , SYSTEM VIEW     , 
 _V_SECURITY_CATEGORY              , SYSTEM VIEW     , 
 _V_SECURITY_COHORT                , SYSTEM VIEW     , 
 _V_SECURITY_COHORT_HIERARCHY      , MANAGEMENT VIEW , 
 _V_SECURITY_LEVEL                 , SYSTEM VIEW     , 
 _V_SEQUENCE                       , SYSTEM VIEW     , 
 _V_SESSION                        , MANAGEMENT VIEW , 
 _V_SESSION_BRIEF                  , MANAGEMENT VIEW , 
 _V_SESSION_DETAIL                 , MANAGEMENT VIEW , 
 _V_SESSION_DETAIL_TX              , SYSTEM VIEW     , 
 _V_SESSION_VAR                    , MANAGEMENT VIEW , 
 _V_SESSION_VERSION                , SYSTEM VIEW     , 
 _V_SFI                            , SYSTEM VIEW     , 
 _V_SNIPPET_PROGRESS               , MANAGEMENT VIEW , 
 _V_SNIPPET_RESOURCE               , MANAGEMENT VIEW , 
 _V_SPA                            , SYSTEM VIEW     , 
 _V_SPMVIEW                        , SYSTEM VIEW     , 
 _V_SPU                            , SYSTEM VIEW     , 
 _V_SPUPARTITION                   , SYSTEM VIEW     , 
 _V_STATISTIC                      , SYSTEM VIEW     , 
 _V_SYNONYM                        , SYSTEM VIEW     , 
 _V_SYSTEMDEF                      , SYSTEM VIEW     , 
 _V_SYSTEM_INFO                    , MANAGEMENT VIEW , 
 _V_SYSTEM_UTIL                    , MANAGEMENT VIEW , 
 _V_SYS_COLUMNS                    , SYSTEM VIEW     , 
 _V_SYS_DATATYPE                   , SYSTEM VIEW     , 
 _V_SYS_OBJECT_STORAGE_SIZE        , MANAGEMENT VIEW , 
 _V_SYS_TABLE_VERSION_DEFN         , SYSTEM VIEW     , 
 _V_SYS_TABLE_VERSION_OBJECT_DEFN  , SYSTEM VIEW     , 
 _V_TABLE                          , SYSTEM VIEW     , 
 _V_TABLE_DIST_MAP                 , SYSTEM VIEW     , 
 _V_TABLE_GROOMSTATE               , SYSTEM VIEW     , 
 _V_TABLE_INDEX                    , SYSTEM VIEW     , 
 _V_TABLE_ONLY_STORAGE_STAT        , MANAGEMENT VIEW , 
 _V_TABLE_ORGANIZE_COLUMN          , SYSTEM VIEW     , 
 _V_TABLE_ORGSTATE                 , SYSTEM VIEW     , 
 _V_TABLE_STORAGE_STAT             , MANAGEMENT VIEW , 
 _V_TABLE_XDB                      , SYSTEM VIEW     , 
 _V_THIN_TABLE                     , SYSTEM VIEW     , 
 _V_THIN_TABLE_ORDER               , SYSTEM VIEW     , 
 _V_TRIGGER                        , SYSTEM VIEW     , 
 _V_TXJOURNAL                      , MANAGEMENT VIEW , 
 _V_TXUNFINISHED                   , MANAGEMENT VIEW , 
 _V_USER                           , SYSTEM VIEW     , 
 _V_USERGROUPS                     , SYSTEM VIEW     , 
 _V_USER_ADMPRIV                   , SYSTEM VIEW     , 
 _V_USER_PRIV                      , SYSTEM VIEW     , 
 _V_USER_SECURITY                  , MANAGEMENT VIEW , 
 _V_VECTOR_IDX                     , MANAGEMENT VIEW , 
 _V_VIEW                           , SYSTEM VIEW     , 
 _V_VIEW_STORAGE_STAT              , MANAGEMENT VIEW , 
 _V_VIRTUAL                        , MANAGEMENT VIEW , 
 _V_VREL                           , MANAGEMENT VIEW , 
(1195 rows)

